items,times,results
3,0.0356900691986084,False
4,0.041353702545166016,False
5,0.26197195053100586,False
6,11.937931776046753,False
7,8385.283687353134,False
8,18001.001594781876,False
9,13961.568391084671,False
