times,agents,items
6.637616872787476,4,6
302.05826711654663,5,8
4019.3388028144836,6,10
