items,times,results
3,0.06336212158203125,False
4,0.24933886528015137,False
5,2.03948712348938,False
6,56.638327836990356,False
7,-,Unkown
