items,times,results
3,0.04250001907348633,False
4,0.09474706649780273,False
5,0.6151208877563477,False
6,24.389721393585205,False
7,5554.8951587677,False
