items,times,results
5,1.2525432109832764,False
6,4126.9106957912445,False
7,18001.716191530228, Unknown

unknown

[]

elapsed time: 18001.716191530228