items,times,results
3,0.10330367088317871,unsat
4,0.11641860008239746,unsat
5,1.0947353839874268,unsat
6,13.03542184829712,unsat
7,5015.639715433121,unsat
8,18022.397099494934,unknown
