items,times,results
3,0.10792851448059082,False
4,0.29160642623901367,False
5,2.5400705337524414,False
6,33.60980582237244,False
7,8133.068092107773,False
